bci,sequence,uid,well,type
1,ACTCGTAA,pbs_1100,A1,T
2,AAACGATA,pbs_1101,A2,T
3,TTACCTCG,pbs_1102,A3,T
4,GCCTGCAA,pbs_1103,A4,T
5,TGGTATAC,pbs_1104,A5,T
6,CGTTCGAG,pbs_1105,A6,T
7,TCTATTAC,pbs_1106,A7,T
8,ATAAGCTC,pbs_1107,A8,T
9,ATTCATGG,pbs_1108,A9,T
10,ATCCGCGA,pbs_1109,A10,T
11,ATCGCATA,pbs_1110,A11,T
12,CCGTTCTA,pbs_1111,A12,T
13,TGGCGCGC,pbs_1112,B1,T
14,TGTCTGAA,pbs_1113,B2,T
15,CTGTCCCG,pbs_1114,B3,T
16,AATTTCTC,pbs_1115,B4,T
17,CGCGACTA,pbs_1116,B5,T
18,TGAAGCAA,pbs_1117,B6,T
19,TTATTCTG,pbs_1118,B7,T
20,GTTCAACA,pbs_1119,B8,T
21,ACGCCGGC,pbs_1120,B9,T
22,TTGTCTTA,pbs_1121,B10,T
23,TACGGTTA,pbs_1122,B11,T
24,TTGGGAGA,pbs_1123,B12,T
25,TGCTTGGG,pbs_1124,C1,T
26,TAAATATC,pbs_1125,C2,T
27,CACAATTG,pbs_1126,C3,T
28,GTGCTAGC,pbs_1127,C4,T
29,CGCCCGGA,pbs_1128,C5,T
30,GCTCGCGG,pbs_1129,C6,T
31,CTTTGGTC,pbs_1130,C7,T
32,TTCCGATC,pbs_1131,C8,T
33,TTCGCTAC,pbs_1132,C9,T
34,AGCGAAAC,pbs_1133,C10,T
35,AAATAGCA,pbs_1134,C11,T
36,CGTCTAGG,pbs_1135,C12,T
37,GCCGTGTA,pbs_1136,D1,T
38,CGCTTAAA,pbs_1137,D2,T
39,GACCTTTC,pbs_1138,D3,T
40,GGTGGAGC,pbs_1139,D4,T
41,TACTCGAA,pbs_1140,D5,T
42,CATTTGGA,pbs_1141,D6,T
43,GAGCACAA,pbs_1142,D7,T
44,GTCGCGCG,pbs_1143,D8,T
45,GTTACGTA,pbs_1144,D9,T
46,CTATTTCA,pbs_1145,D10,T
47,ACTATATA,pbs_1146,D11,T
48,TCACTTTA,pbs_1147,D12,T
49,CTGCTTTG,pbs_1148,A1,R
50,CATGATCA,pbs_1149,A2,R
51,GGGTAGCG,pbs_1150,A3,R
52,CCGAGAAA,pbs_1151,A4,R
53,ACGGACTC,pbs_1152,A5,R
54,ACTTACGA,pbs_1153,A6,R
55,TATTTAAG,pbs_1154,A7,R
56,ACCGTACG,pbs_1155,A8,R
57,TATAGTCG,pbs_1156,A9,R
58,TGGGCATC,pbs_1157,A10,R
59,TACCTAGA,pbs_1158,A11,R
60,GCTGCATG,pbs_1159,A12,R
61,GTCATATG,pbs_1160,B1,R
62,ATATTGGC,pbs_1161,B2,R
63,CTAAGGGA,pbs_1162,B3,R
64,TCGTTTCG,pbs_1163,B4,R
65,GAATAATG,pbs_1164,B5,R
66,ACTGCGCA,pbs_1165,B6,R
67,GCTTATAG,pbs_1166,B7,R
68,ATCATGCA,pbs_1167,B8,R
69,ACGTTAAC,pbs_1168,B9,R
70,CCATCTTG,pbs_1169,B10,R
71,CATAGCTA,pbs_1170,B11,R
72,GAGGTTGA,pbs_1171,B12,R
73,GCACTGAC,pbs_1172,C1,R
74,TTCATCGC,pbs_1173,C2,R
75,GAAATTAG,pbs_1174,C3,R
76,AGGATTAA,pbs_1175,C4,R
77,AATAGAAC,pbs_1176,C5,R
78,TCTTAATC,pbs_1177,C6,R
79,TAATACGC,pbs_1178,C7,R
80,GTTTGTGA,pbs_1179,C8,R
81,CGAACGTC,pbs_1180,C9,R
82,GGTTCTTC,pbs_1181,C10,R
83,GCAAATTC,pbs_1182,C11,R
84,GCTATGCG,pbs_1183,C12,R
85,CTACCCTA,pbs_1184,D1,R
86,GTGGGTTC,pbs_1185,D2,R
87,GTCCGTAG,pbs_1186,D3,R
88,TGCGATCG,pbs_1187,D4,R
89,TATCCGGG,pbs_1188,D5,R
90,AGGTAATA,pbs_1189,D6,R
91,CGTGGTTG,pbs_1190,D7,R
92,GACAAAGC,pbs_1191,D8,R
93,GGGCGATG,pbs_1192,D9,R
94,ATCTATAA,pbs_1193,D10,R
95,GCCCATGA,pbs_1194,D11,R
96,CTGAAAGG,pbs_1195,D12,R
